Epitope ID,Object Type,Description,Epitope Modified Residue(s),Epitope Modification(s),Starting Position,Ending Position,Non-peptidic epitope Accession,Epitope Synonyms,Antigen Name,Antigen Accession,Parent Protein,Parent Protein Accession,Organism Name,Parent Organism,Parent Organism ID,Epitope Comments,Epitope Relationship,Object Type,Description,Starting Position,Ending Position,Non-peptidic object Accession,Synonyms,Antigen Name,Parent Protein,Organism Name,Parent Organism
2505,Linear peptide,ALEKFDKALKALPMHIRLSFN,,,148,168,,,Beta-lactoglobulin precursor,P02754.3,Bos d 5,P02754,Bos taurus,Bos taurus,9913,,,,,,,,,,,,
3052,Linear peptide,AMAASDISLLDA,,,39,50,,,Beta-lactoglobulin precursor,P02754.3,Bos d 5,P02754,Bos taurus,Bos taurus,9913,,,,,,,,,,,,
3646,Linear peptide,APLRVYVEELKPTPEGDLEIL,,,53,73,,,Beta-lactoglobulin precursor,P02754.3,Bos d 5,P02754,Bos taurus,Bos taurus,9913,,,,,,,,,,,,
3987,Linear peptide,AQKKIIAEKTKIPAVFKIDAL,,,83,103,,,Beta-lactoglobulin precursor,P02754.3,Bos d 5,P02754,Bos taurus,Bos taurus,9913,,,,,,,,,,,,
7908,Linear peptide,DEALEKFDK,,,146,154,,,Beta-lactoglobulin precursor,P02754.3,Bos d 5,P02754,Bos taurus,Bos taurus,9913,,,,,,,,,,,,
8765,Linear peptide,DIQKVAGTWYSLAM,,,27,40,,,Beta-lactoglobulin precursor,P02754.3,Bos d 5,P02754,Bos taurus,Bos taurus,9913,,,,,,,,,,,,
13928,Linear peptide,EQSLVCQCLVRTPEVDDEALE,,,103,123,,,beta-lactoglobulin,AAA30411.1,Bos d 5,P02754,Bos taurus,Bos taurus,9913,,,,,,,,,,,,
34119,Linear peptide,KVLVLDTDYK,,,107,116,,,Beta-lactoglobulin precursor,P02754.3,Bos d 5,P02754,Bos taurus,Bos taurus,9913,,,,,,,,,,,,
34870,Linear peptide,LAMAASDISLLD,,,38,49,,,Beta-lactoglobulin precursor,P02754.3,Bos d 5,P02754,Bos taurus,Bos taurus,9913,,,,,,,,,,,,
37707,Linear peptide,LLQKWENDECAQKKIIAEKTK,,,46,66,,,beta-lactoglobulin,AAA30411.1,Bos d 5,P02754,Bos taurus,Bos taurus,9913,,,,,,,,,,,,
38206,Linear peptide,LNENKVLVLDTDYKKYLLFCM,,,103,123,,,Beta-lactoglobulin precursor,P02754.3,Bos d 5,P02754,Bos taurus,Bos taurus,9913,,,,,,,,,,,,
41005,Linear peptide,MAASDISLLDAQSAPLRV,,,40,57,,,Beta-lactoglobulin precursor,P02754.3,Bos d 5,P02754,Bos taurus,Bos taurus,9913,,,,,,,,,,,,
41410,Linear peptide,MENSAEPEQSLVCQCLVRT,,,96,114,,,beta-lactoglobulin,AAA30411.1,Bos d 5,P02754,Bos taurus,Bos taurus,9913,,,,,,,,,,,,
59010,Linear peptide,SLAMAASDISLL,,,37,48,,,Beta-lactoglobulin precursor,P02754.3,Bos d 5,P02754,Bos taurus,Bos taurus,9913,,,,,,,,,,,,
72177,Linear peptide,VYVEELKPTP,,,57,66,,,Beta-lactoglobulin precursor,P02754.3,Bos d 5,P02754,Bos taurus,Bos taurus,9913,,,,,,,,,,,,
73292,Linear peptide,WYSLAMAASDIS,,,35,46,,,Beta-lactoglobulin precursor,P02754.3,Bos d 5,P02754,Bos taurus,Bos taurus,9913,,,,,,,,,,,,
75787,Linear peptide,YSLAMAASDISL,,,36,47,,,Beta-lactoglobulin precursor,P02754.3,Bos d 5,P02754,Bos taurus,Bos taurus,9913,,,,,,,,,,,,
95202,Linear peptide,AASDIS,,,41,46,,,major allergen beta-lactoglobulin,ACG59280.1,Bos d 5,P02754,Bos taurus,Bos taurus,9913,,,,,,,,,,,,
95217,Linear peptide,AEKTKI,,,89,94,,,major allergen beta-lactoglobulin,ACG59280.1,Bos d 5,P02754,Bos taurus,Bos taurus,9913,,,,,,,,,,,,
95233,Linear peptide,ALKALP,,,155,160,,,major allergen beta-lactoglobulin,ACG59280.1,Bos d 5,P02754,Bos taurus,Bos taurus,9913,,,,,,,,,,,,
95248,Linear peptide,APLRVY,,,53,58,,,major allergen beta-lactoglobulin,ACG59280.1,Bos d 5,P02754,Bos taurus,Bos taurus,9913,,,,,,,,,,,,
95302,Linear peptide,DAQSAP,,,49,54,,,major allergen beta-lactoglobulin,ACG59280.1,Bos d 5,P02754,Bos taurus,Bos taurus,9913,,,,,,,,,,,,
95309,Linear peptide,DIQKVA,,,27,32,,,major allergen beta-lactoglobulin,ACG59280.1,Bos d 5,P02754,Bos taurus,Bos taurus,9913,,,,,,,,,,,,
95311,Linear peptide,DKALKA,,,153,158,,,major allergen beta-lactoglobulin,ACG59280.1,Bos d 5,P02754,Bos taurus,Bos taurus,9913,,,,,,,,,,,,
95316,Linear peptide,DLEILL,,,69,74,,,major allergen beta-lactoglobulin,ACG59280.1,Bos d 5,P02754,Bos taurus,Bos taurus,9913,,,,,,,,,,,,
95333,Linear peptide,ECAQKK,,,81,86,,,major allergen beta-lactoglobulin,ACG59280.1,Bos d 5,P02754,Bos taurus,Bos taurus,9913,,,,,,,,,,,,
95343,Linear peptide,EGDLEI,,,67,72,,,major allergen beta-lactoglobulin,ACG59280.1,Bos d 5,P02754,Bos taurus,Bos taurus,9913,,,,,,,,,,,,
95476,Linear peptide,ISLLDA,,,45,50,,,major allergen beta-lactoglobulin,ACG59280.1,Bos d 5,P02754,Bos taurus,Bos taurus,9913,,,,,,,,,,,,
95487,Linear peptide,KALPMH,,,157,162,,,major allergen beta-lactoglobulin,ACG59280.1,Bos d 5,P02754,Bos taurus,Bos taurus,9913,,,,,,,,,,,,
95492,Linear peptide,KFDKAL,,,151,156,,,major allergen beta-lactoglobulin,ACG59280.1,Bos d 5,P02754,Bos taurus,Bos taurus,9913,,,,,,,,,,,,
95496,Linear peptide,KIDALN,,,99,104,,,major allergen beta-lactoglobulin,ACG59280.1,Bos d 5,P02754,Bos taurus,Bos taurus,9913,,,,,,,,,,,,
95500,Linear peptide,KKIIAE,,,85,90,,,major allergen beta-lactoglobulin,ACG59280.1,Bos d 5,P02754,Bos taurus,Bos taurus,9913,,,,,,,,,,,,
95525,Linear peptide,KTKIPA,,,91,96,,,major allergen beta-lactoglobulin,ACG59280.1,Bos d 5,P02754,Bos taurus,Bos taurus,9913,,,,,,,,,,,,
95530,Linear peptide,KVLVLD,,,107,112,,,major allergen beta-lactoglobulin,ACG59280.1,Bos d 5,P02754,Bos taurus,Bos taurus,9913,,,,,,,,,,,,
95533,Linear peptide,KYLLFC,,,117,122,,,major allergen beta-lactoglobulin,ACG59280.1,Bos d 5,P02754,Bos taurus,Bos taurus,9913,,,,,,,,,,,,
95551,Linear peptide,LIVTQT,,,17,22,,,major allergen beta-lactoglobulin,ACG59280.1,Bos d 5,P02754,Bos taurus,Bos taurus,9913,,,,,,,,,,,,
95554,Linear peptide,LLDAQS,,,47,52,,,major allergen beta-lactoglobulin,ACG59280.1,Bos d 5,P02754,Bos taurus,Bos taurus,9913,,,,,,,,,,,,
95557,Linear peptide,LLQKWE,,,73,78,,,major allergen beta-lactoglobulin,ACG59280.1,Bos d 5,P02754,Bos taurus,Bos taurus,9913,,,,,,,,,,,,
95559,Linear peptide,LNENKV,,,103,108,,,major allergen beta-lactoglobulin,ACG59280.1,Bos d 5,P02754,Bos taurus,Bos taurus,9913,,,,,,,,,,,,
95598,Linear peptide,MKGLDI,,,23,28,,,major allergen beta-lactoglobulin,ACG59280.1,Bos d 5,P02754,Bos taurus,Bos taurus,9913,,,,,,,,,,,,
95648,Linear peptide,PAVFKI,,,95,100,,,major allergen beta-lactoglobulin,ACG59280.1,Bos d 5,P02754,Bos taurus,Bos taurus,9913,,,,,,,,,,,,
95714,Linear peptide,QKVAGT,,,29,34,,,major allergen beta-lactoglobulin,ACG59280.1,Bos d 5,P02754,Bos taurus,Bos taurus,9913,,,,,,,,,,,,
95716,Linear peptide,QKWEND,,,75,80,,,major allergen beta-lactoglobulin,ACG59280.1,Bos d 5,P02754,Bos taurus,Bos taurus,9913,,,,,,,,,,,,
95740,Linear peptide,QSAPLR,,,51,56,,,major allergen beta-lactoglobulin,ACG59280.1,Bos d 5,P02754,Bos taurus,Bos taurus,9913,,,,,,,,,,,,
95745,Linear peptide,QTMKGL,,,21,26,,,major allergen beta-lactoglobulin,ACG59280.1,Bos d 5,P02754,Bos taurus,Bos taurus,9913,,,,,,,,,,,,
95823,Linear peptide,SDISLL,,,43,48,,,major allergen beta-lactoglobulin,ACG59280.1,Bos d 5,P02754,Bos taurus,Bos taurus,9913,,,,,,,,,,,,
95921,Linear peptide,TPEGDL,,,65,70,,,major allergen beta-lactoglobulin,ACG59280.1,Bos d 5,P02754,Bos taurus,Bos taurus,9913,,,,,,,,,,,,
95953,Linear peptide,VFKIDA,,,97,102,,,major allergen beta-lactoglobulin,ACG59280.1,Bos d 5,P02754,Bos taurus,Bos taurus,9913,,,,,,,,,,,,
95989,Linear peptide,VTQTMK,,,19,24,,,major allergen beta-lactoglobulin,ACG59280.1,Bos d 5,P02754,Bos taurus,Bos taurus,9913,,,,,,,,,,,,
96001,Linear peptide,WENDEC,,,77,82,,,major allergen beta-lactoglobulin,ACG59280.1,Bos d 5,P02754,Bos taurus,Bos taurus,9913,,,,,,,,,,,,
96019,Linear peptide,YKKYLL,,,115,120,,,major allergen beta-lactoglobulin,ACG59280.1,Bos d 5,P02754,Bos taurus,Bos taurus,9913,,,,,,,,,,,,
96225,Linear peptide,EGDLEILLQKWENGE,,,67,81,,,Beta-lactoglobulin precursor,P02754.3,Bos d 5,P02754,Bos taurus,Bos taurus,9913,,,,,,,,,,,,
96525,Linear peptide,KYLLFCMENSAEPEQ,,,117,131,,,Beta-lactoglobulin precursor,P02754.3,Bos d 5,P02754,Bos taurus,Bos taurus,9913,,,,,,,,,,,,
96889,Linear peptide,SLACQCLVRTPEVDD,,,132,146,,,Beta-lactoglobulin precursor,P02754.3,Bos d 5,P02754,Bos taurus,Bos taurus,9913,,,,,,,,,,,,
97033,Linear peptide,VFKIDALNENKVLVL,,,97,111,,,Beta-lactoglobulin precursor,P02754.3,Bos d 5,P02754,Bos taurus,Bos taurus,9913,,,,,,,,,,,,
97100,Linear peptide,WENGECAQKKIIAEK,,,77,91,,,Beta-lactoglobulin precursor,P02754.3,Bos d 5,P02754,Bos taurus,Bos taurus,9913,,,,,,,,,,,,
98677,Linear peptide,AASDISLLDA,,,41,50,,,major allergen beta-lactoglobulin,ACG59280.1,Bos d 5,P02754,Bos taurus,Bos taurus,9913,,,,,,,,,,,,
98679,Linear peptide,ACQCLVRTPE,,,134,143,,,Beta-lactoglobulin precursor,P02754.3,Bos d 5,P02754,Bos taurus,Bos taurus,9913,,,,,,,,,,,,
98681,Linear peptide,AEKTKIPAVF,,,89,98,,,major allergen beta-lactoglobulin,ACG59280.1,Bos d 5,P02754,Bos taurus,Bos taurus,9913,,,,,,,,,,,,
98682,Linear peptide,AEPEQSLACQ,,,127,136,,,Beta-lactoglobulin precursor,P02754.3,Bos d 5,P02754,Bos taurus,Bos taurus,9913,,,,,,,,,,,,
98689,Linear peptide,ALEKFDKALK,,,148,157,,,Beta-lactoglobulin precursor,P02754.3,Bos d 5,P02754,Bos taurus,Bos taurus,9913,,,,,,,,,,,,
98691,Linear peptide,ALKALPMHIR,,,155,164,,,Beta-lactoglobulin precursor,P02754.3,Bos d 5,P02754,Bos taurus,Bos taurus,9913,,,,,,,,,,,,
98692,Linear peptide,ALNENKVLVL,,,102,111,,,major allergen beta-lactoglobulin,ACG59280.1,Bos d 5,P02754,Bos taurus,Bos taurus,9913,,,,,,,,,,,,
98693,Linear peptide,ALPMHIRLSF,,,158,167,,,Beta-lactoglobulin precursor,P02754.3,Bos d 5,P02754,Bos taurus,Bos taurus,9913,,,,,,,,,,,,
98696,Linear peptide,AMAASDISLL,,,39,48,,,major allergen beta-lactoglobulin,ACG59280.1,Bos d 5,P02754,Bos taurus,Bos taurus,9913,,,,,,,,,,,,
98700,Linear peptide,APLRVYVEEL,,,53,62,,,major allergen beta-lactoglobulin,ACG59280.1,Bos d 5,P02754,Bos taurus,Bos taurus,9913,,,,,,,,,,,,
98701,Linear peptide,AQSAPLRVYV,,,50,59,,,major allergen beta-lactoglobulin,ACG59280.1,Bos d 5,P02754,Bos taurus,Bos taurus,9913,,,,,,,,,,,,
98704,Linear peptide,ASDISLLDAQ,,,42,51,,,major allergen beta-lactoglobulin,ACG59280.1,Bos d 5,P02754,Bos taurus,Bos taurus,9913,,,,,,,,,,,,
98707,Linear peptide,AVFKIDALNE,,,96,105,,,major allergen beta-lactoglobulin,ACG59280.1,Bos d 5,P02754,Bos taurus,Bos taurus,9913,,,,,,,,,,,,
98708,Linear peptide,CAQKKIIAEK,,,82,91,,,major allergen beta-lactoglobulin,ACG59280.1,Bos d 5,P02754,Bos taurus,Bos taurus,9913,,,,,,,,,,,,
98710,Linear peptide,CLVRTPEVDD,,,137,146,,,Beta-lactoglobulin precursor,P02754.3,Bos d 5,P02754,Bos taurus,Bos taurus,9913,,,,,,,,,,,,
98711,Linear peptide,CMENSAEPEQ,,,122,131,,,Beta-lactoglobulin precursor,P02754.3,Bos d 5,P02754,Bos taurus,Bos taurus,9913,,,,,,,,,,,,
98713,Linear peptide,CQCLVRTPEV,,,135,144,,,Beta-lactoglobulin precursor,P02754.3,Bos d 5,P02754,Bos taurus,Bos taurus,9913,,,,,,,,,,,,
98723,Linear peptide,DALNENKVLV,,,101,110,,,major allergen beta-lactoglobulin,ACG59280.1,Bos d 5,P02754,Bos taurus,Bos taurus,9913,,,,,,,,,,,,
98724,Linear peptide,DAQSAPLRVY,,,49,58,,,major allergen beta-lactoglobulin,ACG59280.1,Bos d 5,P02754,Bos taurus,Bos taurus,9913,,,,,,,,,,,,
98725,Linear peptide,DDEALEKFDK,,,145,154,,,Beta-lactoglobulin precursor,P02754.3,Bos d 5,P02754,Bos taurus,Bos taurus,9913,,,,,,,,,,,,
98726,Linear peptide,DEALEKFDKA,,,146,155,,,Beta-lactoglobulin precursor,P02754.3,Bos d 5,P02754,Bos taurus,Bos taurus,9913,,,,,,,,,,,,
98727,Linear peptide,DECAQKKIIA,,,80,89,,,major allergen beta-lactoglobulin,ACG59280.1,Bos d 5,P02754,Bos taurus,Bos taurus,9913,,,,,,,,,,,,
98729,Linear peptide,DIQKVAGTWY,,,27,36,,,major allergen beta-lactoglobulin,ACG59280.1,Bos d 5,P02754,Bos taurus,Bos taurus,9913,,,,,,,,,,,,
98730,Linear peptide,DISLLDAQSA,,,44,53,,,major allergen beta-lactoglobulin,ACG59280.1,Bos d 5,P02754,Bos taurus,Bos taurus,9913,,,,,,,,,,,,
98733,Linear peptide,DKALKALPMH,,,153,162,,,Beta-lactoglobulin precursor,P02754.3,Bos d 5,P02754,Bos taurus,Bos taurus,9913,,,,,,,,,,,,
98734,Linear peptide,DLEILLQKWE,,,69,78,,,major allergen beta-lactoglobulin,ACG59280.1,Bos d 5,P02754,Bos taurus,Bos taurus,9913,,,,,,,,,,,,
98740,Linear peptide,EALEKFDKAL,,,147,156,,,Beta-lactoglobulin precursor,P02754.3,Bos d 5,P02754,Bos taurus,Bos taurus,9913,,,,,,,,,,,,
98742,Linear peptide,ECAQKKIIAE,,,81,90,,,major allergen beta-lactoglobulin,ACG59280.1,Bos d 5,P02754,Bos taurus,Bos taurus,9913,,,,,,,,,,,,
98750,Linear peptide,EELKPTPEGD,,,60,69,,,major allergen beta-lactoglobulin,ACG59280.1,Bos d 5,P02754,Bos taurus,Bos taurus,9913,,,,,,,,,,,,
98752,Linear peptide,EGDLEILLQK,,,67,76,,,major allergen beta-lactoglobulin,ACG59280.1,Bos d 5,P02754,Bos taurus,Bos taurus,9913,,,,,,,,,,,,
98754,Linear peptide,EILLQKWEND,,,71,80,,,major allergen beta-lactoglobulin,ACG59280.1,Bos d 5,P02754,Bos taurus,Bos taurus,9913,,,,,,,,,,,,
98755,Linear peptide,EKFDKALKAL,,,150,159,,,Beta-lactoglobulin precursor,P02754.3,Bos d 5,P02754,Bos taurus,Bos taurus,9913,,,,,,,,,,,,
98756,Linear peptide,EKTKIPAVFK,,,90,99,,,major allergen beta-lactoglobulin,ACG59280.1,Bos d 5,P02754,Bos taurus,Bos taurus,9913,,,,,,,,,,,,
98760,Linear peptide,ELKPTPEGDL,,,61,70,,,major allergen beta-lactoglobulin,ACG59280.1,Bos d 5,P02754,Bos taurus,Bos taurus,9913,,,,,,,,,,,,
98762,Linear peptide,ENDECAQKKI,,,78,87,,,major allergen beta-lactoglobulin,ACG59280.1,Bos d 5,P02754,Bos taurus,Bos taurus,9913,,,,,,,,,,,,
98763,Linear peptide,ENKVLVLDTD,,,105,114,,,Beta-lactoglobulin precursor,P02754.3,Bos d 5,P02754,Bos taurus,Bos taurus,9913,,,,,,,,,,,,
98764,Linear peptide,ENSAEPEQSL,,,124,133,,,Beta-lactoglobulin precursor,P02754.3,Bos d 5,P02754,Bos taurus,Bos taurus,9913,,,,,,,,,,,,
98766,Linear peptide,EPEQSLACQC,,,128,137,,,Beta-lactoglobulin precursor,P02754.3,Bos d 5,P02754,Bos taurus,Bos taurus,9913,,,,,,,,,,,,
98769,Linear peptide,EQSLACQCLV,,,130,139,,,Beta-lactoglobulin precursor,P02754.3,Bos d 5,P02754,Bos taurus,Bos taurus,9913,,,,,,,,,,,,
98772,Linear peptide,FCMENSAEPE,,,121,130,,,Beta-lactoglobulin precursor,P02754.3,Bos d 5,P02754,Bos taurus,Bos taurus,9913,,,,,,,,,,,,
98773,Linear peptide,FDKALKALPM,,,152,161,,,Beta-lactoglobulin precursor,P02754.3,Bos d 5,P02754,Bos taurus,Bos taurus,9913,,,,,,,,,,,,
98774,Linear peptide,FKIDALNENK,,,98,107,,,major allergen beta-lactoglobulin,ACG59280.1,Bos d 5,P02754,Bos taurus,Bos taurus,9913,,,,,,,,,,,,
98777,Linear peptide,FNPTQLEEQC,,,167,176,,,Beta-lactoglobulin precursor,P02754.3,Bos d 5,P02754,Bos taurus,Bos taurus,9913,,,,,,,,,,,,
98791,Linear peptide,GDLEILLQKW,,,68,77,,,major allergen beta-lactoglobulin,ACG59280.1,Bos d 5,P02754,Bos taurus,Bos taurus,9913,,,,,,,,,,,,
98803,Linear peptide,GLDIQKVAGT,,,25,34,,,major allergen beta-lactoglobulin,ACG59280.1,Bos d 5,P02754,Bos taurus,Bos taurus,9913,,,,,,,,,,,,
98812,Linear peptide,HIRLSFNPTQ,,,162,171,,,Beta-lactoglobulin precursor,P02754.3,Bos d 5,P02754,Bos taurus,Bos taurus,9913,,,,,,,,,,,,
98817,Linear peptide,IAEKTKIPAV,,,88,97,,,major allergen beta-lactoglobulin,ACG59280.1,Bos d 5,P02754,Bos taurus,Bos taurus,9913,,,,,,,,,,,,
98820,Linear peptide,IDALNENKVL,,,100,109,,,major allergen beta-lactoglobulin,ACG59280.1,Bos d 5,P02754,Bos taurus,Bos taurus,9913,,,,,,,,,,,,
98824,Linear peptide,IIAEKTKIPA,,,87,96,,,major allergen beta-lactoglobulin,ACG59280.1,Bos d 5,P02754,Bos taurus,Bos taurus,9913,,,,,,,,,,,,
98830,Linear peptide,ILLQKWENDE,,,72,81,,,major allergen beta-lactoglobulin,ACG59280.1,Bos d 5,P02754,Bos taurus,Bos taurus,9913,,,,,,,,,,,,
98831,Linear peptide,IPAVFKIDAL,,,94,103,,,major allergen beta-lactoglobulin,ACG59280.1,Bos d 5,P02754,Bos taurus,Bos taurus,9913,,,,,,,,,,,,
98833,Linear peptide,IQKVAGTWYS,,,28,37,,,major allergen beta-lactoglobulin,ACG59280.1,Bos d 5,P02754,Bos taurus,Bos taurus,9913,,,,,,,,,,,,
98834,Linear peptide,IRLSFNPTQL,,,163,172,,,Beta-lactoglobulin precursor,P02754.3,Bos d 5,P02754,Bos taurus,Bos taurus,9913,,,,,,,,,,,,
98836,Linear peptide,ISLLDAQSAP,,,45,54,,,major allergen beta-lactoglobulin,ACG59280.1,Bos d 5,P02754,Bos taurus,Bos taurus,9913,,,,,,,,,,,,
98838,Linear peptide,IVTQTMKGLD,,,18,27,,,major allergen beta-lactoglobulin,ACG59280.1,Bos d 5,P02754,Bos taurus,Bos taurus,9913,,,,,,,,,,,,
98840,Linear peptide,KALPMHIRLS,,,157,166,,,Beta-lactoglobulin precursor,P02754.3,Bos d 5,P02754,Bos taurus,Bos taurus,9913,,,,,,,,,,,,
98845,Linear peptide,KFDKALKALP,,,151,160,,,Beta-lactoglobulin precursor,P02754.3,Bos d 5,P02754,Bos taurus,Bos taurus,9913,,,,,,,,,,,,
98846,Linear peptide,KGLDIQKVAG,,,24,33,,,major allergen beta-lactoglobulin,ACG59280.1,Bos d 5,P02754,Bos taurus,Bos taurus,9913,,,,,,,,,,,,
98847,Linear peptide,KIDALNENKV,,,99,108,,,major allergen beta-lactoglobulin,ACG59280.1,Bos d 5,P02754,Bos taurus,Bos taurus,9913,,,,,,,,,,,,
98848,Linear peptide,KIIAEKTKIP,,,86,95,,,major allergen beta-lactoglobulin,ACG59280.1,Bos d 5,P02754,Bos taurus,Bos taurus,9913,,,,,,,,,,,,
98849,Linear peptide,KIPAVFKIDA,,,93,102,,,major allergen beta-lactoglobulin,ACG59280.1,Bos d 5,P02754,Bos taurus,Bos taurus,9913,,,,,,,,,,,,
98851,Linear peptide,KKIIAEKTKI,,,85,94,,,major allergen beta-lactoglobulin,ACG59280.1,Bos d 5,P02754,Bos taurus,Bos taurus,9913,,,,,,,,,,,,
98857,Linear peptide,KWENDECAQK,,,76,85,,,major allergen beta-lactoglobulin,ACG59280.1,Bos d 5,P02754,Bos taurus,Bos taurus,9913,,,,,,,,,,,,
98858,Linear peptide,LACQCLVRTP,,,133,142,,,Beta-lactoglobulin precursor,P02754.3,Bos d 5,P02754,Bos taurus,Bos taurus,9913,,,,,,,,,,,,
98861,Linear peptide,LAMAASDISL,,,38,47,,,major allergen beta-lactoglobulin,ACG59280.1,Bos d 5,P02754,Bos taurus,Bos taurus,9913,,,,,,,,,,,,
98864,Linear peptide,LDAQSAPLRV,,,48,57,,,major allergen beta-lactoglobulin,ACG59280.1,Bos d 5,P02754,Bos taurus,Bos taurus,9913,,,,,,,,,,,,
98865,Linear peptide,LDIQKVAGTW,,,26,35,,,major allergen beta-lactoglobulin,ACG59280.1,Bos d 5,P02754,Bos taurus,Bos taurus,9913,,,,,,,,,,,,
98868,Linear peptide,LEILLQKWEN,,,70,79,,,major allergen beta-lactoglobulin,ACG59280.1,Bos d 5,P02754,Bos taurus,Bos taurus,9913,,,,,,,,,,,,
98869,Linear peptide,LEKFDKALKA,,,149,158,,,Beta-lactoglobulin precursor,P02754.3,Bos d 5,P02754,Bos taurus,Bos taurus,9913,,,,,,,,,,,,
98878,Linear peptide,LKALPMHIRL,,,156,165,,,Beta-lactoglobulin precursor,P02754.3,Bos d 5,P02754,Bos taurus,Bos taurus,9913,,,,,,,,,,,,
98880,Linear peptide,LKPTPEGDLE,,,62,71,,,major allergen beta-lactoglobulin,ACG59280.1,Bos d 5,P02754,Bos taurus,Bos taurus,9913,,,,,,,,,,,,
98881,Linear peptide,LLDAQSAPLR,,,47,56,,,major allergen beta-lactoglobulin,ACG59280.1,Bos d 5,P02754,Bos taurus,Bos taurus,9913,,,,,,,,,,,,
98882,Linear peptide,LLQKWENDEC,,,73,82,,,major allergen beta-lactoglobulin,ACG59280.1,Bos d 5,P02754,Bos taurus,Bos taurus,9913,,,,,,,,,,,,
98883,Linear peptide,LNENKVLVLD,,,103,112,,,major allergen beta-lactoglobulin,ACG59280.1,Bos d 5,P02754,Bos taurus,Bos taurus,9913,,,,,,,,,,,,
98885,Linear peptide,LPMHIRLSFN,,,159,168,,,Beta-lactoglobulin precursor,P02754.3,Bos d 5,P02754,Bos taurus,Bos taurus,9913,,,,,,,,,,,,
98888,Linear peptide,LQKWENDECA,,,74,83,,,major allergen beta-lactoglobulin,ACG59280.1,Bos d 5,P02754,Bos taurus,Bos taurus,9913,,,,,,,,,,,,
98892,Linear peptide,LRVYVEELKP,,,55,64,,,major allergen beta-lactoglobulin,ACG59280.1,Bos d 5,P02754,Bos taurus,Bos taurus,9913,,,,,,,,,,,,
98893,Linear peptide,LSFNPTQLEE,,,165,174,,,Beta-lactoglobulin precursor,P02754.3,Bos d 5,P02754,Bos taurus,Bos taurus,9913,,,,,,,,,,,,
98896,Linear peptide,LVLDTDYKKY,,,109,118,,,Beta-lactoglobulin precursor,P02754.3,Bos d 5,P02754,Bos taurus,Bos taurus,9913,,,,,,,,,,,,
98897,Linear peptide,LVRTPEVDDE,,,138,147,,,Beta-lactoglobulin precursor,P02754.3,Bos d 5,P02754,Bos taurus,Bos taurus,9913,,,,,,,,,,,,
98899,Linear peptide,MAASDISLLD,,,40,49,,,major allergen beta-lactoglobulin,ACG59280.1,Bos d 5,P02754,Bos taurus,Bos taurus,9913,,,,,,,,,,,,
98902,Linear peptide,MENSAEPEQS,,,123,132,,,Beta-lactoglobulin precursor,P02754.3,Bos d 5,P02754,Bos taurus,Bos taurus,9913,,,,,,,,,,,,
98903,Linear peptide,MHIRLSFNPT,,,161,170,,,Beta-lactoglobulin precursor,P02754.3,Bos d 5,P02754,Bos taurus,Bos taurus,9913,,,,,,,,,,,,
98904,Linear peptide,MKGLDIQKVA,,,23,32,,,major allergen beta-lactoglobulin,ACG59280.1,Bos d 5,P02754,Bos taurus,Bos taurus,9913,,,,,,,,,,,,
98909,Linear peptide,NDECAQKKII,,,79,88,,,major allergen beta-lactoglobulin,ACG59280.1,Bos d 5,P02754,Bos taurus,Bos taurus,9913,,,,,,,,,,,,
98911,Linear peptide,NENKVLVLDT,,,104,113,,,Beta-lactoglobulin precursor,P02754.3,Bos d 5,P02754,Bos taurus,Bos taurus,9913,,,,,,,,,,,,
98913,Linear peptide,NKVLVLDTDY,,,106,115,,,Beta-lactoglobulin precursor,P02754.3,Bos d 5,P02754,Bos taurus,Bos taurus,9913,,,,,,,,,,,,
98918,Linear peptide,NPTQLEEQCH,,,168,177,,,Beta-lactoglobulin precursor,P02754.3,Bos d 5,P02754,Bos taurus,Bos taurus,9913,,,,,,,,,,,,
98919,Linear peptide,NSAEPEQSLA,,,125,134,,,Beta-lactoglobulin precursor,P02754.3,Bos d 5,P02754,Bos taurus,Bos taurus,9913,,,,,,,,,,,,
98923,Linear peptide,PAVFKIDALN,,,95,104,,,major allergen beta-lactoglobulin,ACG59280.1,Bos d 5,P02754,Bos taurus,Bos taurus,9913,,,,,,,,,,,,
98926,Linear peptide,PEGDLEILLQ,,,66,75,,,major allergen beta-lactoglobulin,ACG59280.1,Bos d 5,P02754,Bos taurus,Bos taurus,9913,,,,,,,,,,,,
98928,Linear peptide,PEQSLACQCL,,,129,138,,,Beta-lactoglobulin precursor,P02754.3,Bos d 5,P02754,Bos taurus,Bos taurus,9913,,,,,,,,,,,,
98929,Linear peptide,PEVDDEALEK,,,142,151,,,Beta-lactoglobulin precursor,P02754.3,Bos d 5,P02754,Bos taurus,Bos taurus,9913,,,,,,,,,,,,
98936,Linear peptide,PLRVYVEELK,,,54,63,,,major allergen beta-lactoglobulin,ACG59280.1,Bos d 5,P02754,Bos taurus,Bos taurus,9913,,,,,,,,,,,,
98937,Linear peptide,PMHIRLSFNP,,,160,169,,,Beta-lactoglobulin precursor,P02754.3,Bos d 5,P02754,Bos taurus,Bos taurus,9913,,,,,,,,,,,,
98946,Linear peptide,PTPEGDLEIL,,,64,73,,,major allergen beta-lactoglobulin,ACG59280.1,Bos d 5,P02754,Bos taurus,Bos taurus,9913,,,,,,,,,,,,
98950,Linear peptide,QCLVRTPEVD,,,136,145,,,Beta-lactoglobulin precursor,P02754.3,Bos d 5,P02754,Bos taurus,Bos taurus,9913,,,,,,,,,,,,
98960,Linear peptide,QKKIIAEKTK,,,84,93,,,major allergen beta-lactoglobulin,ACG59280.1,Bos d 5,P02754,Bos taurus,Bos taurus,9913,,,,,,,,,,,,
98962,Linear peptide,QKWENDECAQ,,,75,84,,,major allergen beta-lactoglobulin,ACG59280.1,Bos d 5,P02754,Bos taurus,Bos taurus,9913,,,,,,,,,,,,
98972,Linear peptide,QSAPLRVYVE,,,51,60,,,major allergen beta-lactoglobulin,ACG59280.1,Bos d 5,P02754,Bos taurus,Bos taurus,9913,,,,,,,,,,,,
98973,Linear peptide,QSLACQCLVR,,,131,140,,,Beta-lactoglobulin precursor,P02754.3,Bos d 5,P02754,Bos taurus,Bos taurus,9913,,,,,,,,,,,,
98974,Linear peptide,QTMKGLDIQK,,,21,30,,,major allergen beta-lactoglobulin,ACG59280.1,Bos d 5,P02754,Bos taurus,Bos taurus,9913,,,,,,,,,,,,
98987,Linear peptide,RLSFNPTQLE,,,164,173,,,Beta-lactoglobulin precursor,P02754.3,Bos d 5,P02754,Bos taurus,Bos taurus,9913,,,,,,,,,,,,
98991,Linear peptide,RTPEVDDEAL,,,140,149,,,Beta-lactoglobulin precursor,P02754.3,Bos d 5,P02754,Bos taurus,Bos taurus,9913,,,,,,,,,,,,
98992,Linear peptide,RVYVEELKPT,,,56,65,,,major allergen beta-lactoglobulin,ACG59280.1,Bos d 5,P02754,Bos taurus,Bos taurus,9913,,,,,,,,,,,,
98994,Linear peptide,SAEPEQSLAC,,,126,135,,,Beta-lactoglobulin precursor,P02754.3,Bos d 5,P02754,Bos taurus,Bos taurus,9913,,,,,,,,,,,,
98996,Linear peptide,SAPLRVYVEE,,,52,61,,,major allergen beta-lactoglobulin,ACG59280.1,Bos d 5,P02754,Bos taurus,Bos taurus,9913,,,,,,,,,,,,
98997,Linear peptide,SDISLLDAQS,,,43,52,,,major allergen beta-lactoglobulin,ACG59280.1,Bos d 5,P02754,Bos taurus,Bos taurus,9913,,,,,,,,,,,,
98998,Linear peptide,SFNPTQLEEQ,,,166,175,,,Beta-lactoglobulin precursor,P02754.3,Bos d 5,P02754,Bos taurus,Bos taurus,9913,,,,,,,,,,,,
99004,Linear peptide,SLACQCLVRT,,,132,141,,,Beta-lactoglobulin precursor,P02754.3,Bos d 5,P02754,Bos taurus,Bos taurus,9913,,,,,,,,,,,,
99005,Linear peptide,SLAMAASDIS,,,37,46,,,major allergen beta-lactoglobulin,ACG59280.1,Bos d 5,P02754,Bos taurus,Bos taurus,9913,,,,,,,,,,,,
99006,Linear peptide,SLLDAQSAPL,,,46,55,,,major allergen beta-lactoglobulin,ACG59280.1,Bos d 5,P02754,Bos taurus,Bos taurus,9913,,,,,,,,,,,,
99024,Linear peptide,TKIPAVFKID,,,92,101,,,major allergen beta-lactoglobulin,ACG59280.1,Bos d 5,P02754,Bos taurus,Bos taurus,9913,,,,,,,,,,,,
99026,Linear peptide,TMKGLDIQKV,,,22,31,,,major allergen beta-lactoglobulin,ACG59280.1,Bos d 5,P02754,Bos taurus,Bos taurus,9913,,,,,,,,,,,,
99028,Linear peptide,TPEGDLEILL,,,65,74,,,major allergen beta-lactoglobulin,ACG59280.1,Bos d 5,P02754,Bos taurus,Bos taurus,9913,,,,,,,,,,,,
99030,Linear peptide,TQTMKGLDIQ,,,20,29,,,major allergen beta-lactoglobulin,ACG59280.1,Bos d 5,P02754,Bos taurus,Bos taurus,9913,,,,,,,,,,,,
99035,Linear peptide,VDDEALEKFD,,,144,153,,,Beta-lactoglobulin precursor,P02754.3,Bos d 5,P02754,Bos taurus,Bos taurus,9913,,,,,,,,,,,,
99036,Linear peptide,VEELKPTPEG,,,59,68,,,major allergen beta-lactoglobulin,ACG59280.1,Bos d 5,P02754,Bos taurus,Bos taurus,9913,,,,,,,,,,,,
99037,Linear peptide,VFKIDALNEN,,,97,106,,,major allergen beta-lactoglobulin,ACG59280.1,Bos d 5,P02754,Bos taurus,Bos taurus,9913,,,,,,,,,,,,
99039,Linear peptide,VLDTDYKKYL,,,110,119,,,Beta-lactoglobulin precursor,P02754.3,Bos d 5,P02754,Bos taurus,Bos taurus,9913,,,,,,,,,,,,
99043,Linear peptide,VLVLDTDYKK,,,108,117,,,Beta-lactoglobulin precursor,P02754.3,Bos d 5,P02754,Bos taurus,Bos taurus,9913,,,,,,,,,,,,
99049,Linear peptide,VRTPEVDDEA,,,139,148,,,Beta-lactoglobulin precursor,P02754.3,Bos d 5,P02754,Bos taurus,Bos taurus,9913,,,,,,,,,,,,
99052,Linear peptide,VTQTMKGLDI,,,19,28,,,major allergen beta-lactoglobulin,ACG59280.1,Bos d 5,P02754,Bos taurus,Bos taurus,9913,,,,,,,,,,,,
99054,Linear peptide,WENDECAQKK,,,77,86,,,major allergen beta-lactoglobulin,ACG59280.1,Bos d 5,P02754,Bos taurus,Bos taurus,9913,,,,,,,,,,,,
99061,Linear peptide,WYSLAMAASD,,,35,44,,,major allergen beta-lactoglobulin,ACG59280.1,Bos d 5,P02754,Bos taurus,Bos taurus,9913,,,,,,,,,,,,
99072,Linear peptide,YSLAMAASDI,,,36,45,,,major allergen beta-lactoglobulin,ACG59280.1,Bos d 5,P02754,Bos taurus,Bos taurus,9913,,,,,,,,,,,,
99073,Linear peptide,YVEELKPTPE,,,58,67,,,major allergen beta-lactoglobulin,ACG59280.1,Bos d 5,P02754,Bos taurus,Bos taurus,9913,,,,,,,,,,,,
115171,Linear peptide,AASDISLLDAQSAPLRVYVE,,,41,60,,,Beta-lactoglobulin precursor,P02754.3,Bos d 5,P02754,Bos taurus,Bos taurus,9913,The epitope sequence is from the reference cited: Jarvinen et al. (2001) Int Arch Allergy Immunol 126: 111-118 [PMID: 11729348].,,,,,,,,,,,
115174,Linear peptide,AGTWYSLAMAASDISLLDAQ,,,32,51,,,Beta-lactoglobulin precursor,P02754.3,Bos d 5,P02754,Bos taurus,Bos taurus,9913,The epitope sequence is from the reference cited: Jarvinen et al. (2001) Int Arch Allergy Immunol 126: 111-118 [PMID: 11729348].,,,,,,,,,,,
115178,Linear peptide,ALKALPMHIRLSFNPTQLEE,,,155,174,,,Beta-lactoglobulin precursor,P02754.3,Bos d 5,P02754,Bos taurus,Bos taurus,9913,The epitope sequence is from the reference cited: Jarvinen et al. (2001) Int Arch Allergy Immunol 126: 111-118 [PMID: 11729348].,,,,,,,,,,,
115186,Linear peptide,AQSAPLRVYVEELKPTPEGD,,,50,69,,,Beta-lactoglobulin precursor,P02754.3,Bos d 5,P02754,Bos taurus,Bos taurus,9913,The epitope sequence is from the reference cited: Jarvinen et al. (2001) Int Arch Allergy Immunol 126: 111-118 [PMID: 11729348].,,,,,,,,,,,
115198,Linear peptide,DALNENKVLVLDTDYKKYLL,,,101,120,,,Beta-lactoglobulin precursor,P02754.3,Bos d 5,P02754,Bos taurus,Bos taurus,9913,The epitope sequence is from the reference cited: Jarvinen et al. (2001) Int Arch Allergy Immunol 126: 111-118 [PMID: 11729348].,,,,,,,,,,,
115221,Linear peptide,EILLQKWENGECAQKKIIAE,,,71,90,,,Beta-lactoglobulin precursor,P02754.3,Bos d 5,P02754,Bos taurus,Bos taurus,9913,The epitope sequence is from the reference cited: Jarvinen et al. (2001) Int Arch Allergy Immunol 126: 111-118 [PMID: 11729348].,,,,,,,,,,,
115232,Linear peptide,EPEQSLACQCLVRTPEVDDE,,,128,147,,,Beta-lactoglobulin precursor,P02754.3,Bos d 5,P02754,Bos taurus,Bos taurus,9913,The epitope sequence is from the reference cited: Jarvinen et al. (2001) Int Arch Allergy Immunol 126: 111-118 [PMID: 11729348].,,,,,,,,,,,
115247,Linear peptide,FDKALKALPMHIRLSFNPTQ,,,152,171,,,Beta-lactoglobulin precursor,P02754.3,Bos d 5,P02754,Bos taurus,Bos taurus,9913,The epitope sequence is from the reference cited: Jarvinen et al. (2001) Int Arch Allergy Immunol 126: 111-118 [PMID: 11729348].,,,,,,,,,,,
115249,Linear peptide,FKIDALNENKVLVLDTDYKK,,,98,117,,,Beta-lactoglobulin precursor,P02754.3,Bos d 5,P02754,Bos taurus,Bos taurus,9913,The epitope sequence is from the reference cited: Jarvinen et al. (2001) Int Arch Allergy Immunol 126: 111-118 [PMID: 11729348].,,,,,,,,,,,
115262,Linear peptide,GECAQKKIIAEKTKIPAVFK,,,80,99,,,Beta-lactoglobulin precursor,P02754.3,Bos d 5,P02754,Bos taurus,Bos taurus,9913,The epitope sequence is from the reference cited: Jarvinen et al. (2001) Int Arch Allergy Immunol 126: 111-118 [PMID: 11729348].,,,,,,,,,,,
115332,Linear peptide,KVLVLDTDYKKYLLFCMENS,,,107,126,,,Beta-lactoglobulin precursor,P02754.3,Bos d 5,P02754,Bos taurus,Bos taurus,9913,The epitope sequence is from the reference cited: Jarvinen et al. (2001) Int Arch Allergy Immunol 126: 111-118 [PMID: 11729348].,,,,,,,,,,,
115341,Linear peptide,LDIQKVAGTWYSLAMAASDI,,,26,45,,,Beta-lactoglobulin precursor,P02754.3,Bos d 5,P02754,Bos taurus,Bos taurus,9913,The epitope sequence is from the reference cited: Jarvinen et al. (2001) Int Arch Allergy Immunol 126: 111-118 [PMID: 11729348].,,,,,,,,,,,
115348,Linear peptide,LIVTQTMKGLDIQKVAGTWY,,,17,36,,,Beta-lactoglobulin precursor,P02754.3,Bos d 5,P02754,Bos taurus,Bos taurus,9913,The epitope sequence is from the reference cited: Jarvinen et al. (2001) Int Arch Allergy Immunol 126: 111-118 [PMID: 11729348].,,,,,,,,,,,
115353,Linear peptide,LLDAQSAPLRVYVEELKPTP,,,47,66,,,Beta-lactoglobulin precursor,P02754.3,Bos d 5,P02754,Bos taurus,Bos taurus,9913,The epitope sequence is from the reference cited: Jarvinen et al. (2001) Int Arch Allergy Immunol 126: 111-118 [PMID: 11729348].,,,,,,,,,,,
115366,Linear peptide,LQKWENGECAQKKIIAEKTK,,,74,93,,,Beta-lactoglobulin precursor,P02754.3,Bos d 5,P02754,Bos taurus,Bos taurus,9913,The epitope sequence is from the reference cited: Jarvinen et al. (2001) Int Arch Allergy Immunol 126: 111-118 [PMID: 11729348].,,,,,,,,,,,
115383,Linear peptide,MKGLDIQKVAGTWYSLAMAA,,,23,42,,,Beta-lactoglobulin precursor,P02754.3,Bos d 5,P02754,Bos taurus,Bos taurus,9913,The epitope sequence is from the reference cited: Jarvinen et al. (2001) Int Arch Allergy Immunol 126: 111-118 [PMID: 11729348].,,,,,,,,,,,
115389,Linear peptide,NENKVLVLDTDYKKYLLFCM,,,104,123,,,Beta-lactoglobulin precursor,P02754.3,Bos d 5,P02754,Bos taurus,Bos taurus,9913,The epitope sequence is from the reference cited: Jarvinen et al. (2001) Int Arch Allergy Immunol 126: 111-118 [PMID: 11729348].,,,,,,,,,,,
115407,Linear peptide,NSAEPEQSLACQCLVRTPEV,,,125,144,,,Beta-lactoglobulin precursor,P02754.3,Bos d 5,P02754,Bos taurus,Bos taurus,9913,The epitope sequence is from the reference cited: Jarvinen et al. (2001) Int Arch Allergy Immunol 126: 111-118 [PMID: 11729348].,,,,,,,,,,,
115411,Linear peptide,PAVFKIDALNENKVLVLDTD,,,95,114,,,Beta-lactoglobulin precursor,P02754.3,Bos d 5,P02754,Bos taurus,Bos taurus,9913,The epitope sequence is from the reference cited: Jarvinen et al. (2001) Int Arch Allergy Immunol 126: 111-118 [PMID: 11729348].,,,,,,,,,,,
115443,Linear peptide,QKVAGTWYSLAMAASDISLL,,,29,48,,,Beta-lactoglobulin precursor,P02754.3,Bos d 5,P02754,Bos taurus,Bos taurus,9913,The epitope sequence is from the reference cited: Jarvinen et al. (2001) Int Arch Allergy Immunol 126: 111-118 [PMID: 11729348].,,,,,,,,,,,
115457,Linear peptide,QSLACQCLVRTPEVDDEALE,,,131,150,,,Beta-lactoglobulin precursor,P02754.3,Bos d 5,P02754,Bos taurus,Bos taurus,9913,The epitope sequence is from the reference cited: Jarvinen et al. (2001) Int Arch Allergy Immunol 126: 111-118 [PMID: 11729348].,,,,,,,,,,,
115504,Linear peptide,TDYKKYLLFCMENSAEPEQS,,,113,132,,,Beta-lactoglobulin precursor,P02754.3,Bos d 5,P02754,Bos taurus,Bos taurus,9913,The epitope sequence is from the reference cited: Jarvinen et al. (2001) Int Arch Allergy Immunol 126: 111-118 [PMID: 11729348].,,,,,,,,,,,
115522,Linear peptide,TQTMKGLDIQKVAGTWYSLA,,,20,39,,,Beta-lactoglobulin precursor,P02754.3,Bos d 5,P02754,Bos taurus,Bos taurus,9913,The epitope sequence is from the reference cited: Jarvinen et al. (2001) Int Arch Allergy Immunol 126: 111-118 [PMID: 11729348].,,,,,,,,,,,
115557,Linear peptide,WENGECAQKKIIAEKTKIPA,,,77,96,,,Beta-lactoglobulin precursor,P02754.3,Bos d 5,P02754,Bos taurus,Bos taurus,9913,The epitope sequence is from the reference cited: Jarvinen et al. (2001) Int Arch Allergy Immunol 126: 111-118 [PMID: 11729348].,,,,,,,,,,,
190380,Linear peptide,AEERLHSMKEGIHAQ,,,131,145,,,alpha S1 casein,ABW98936.1,Bos d 9,P02662,Bos taurus,Bos taurus,9913,,,,,,,,,,,,
190386,Linear peptide,APFPEVFGKEKVNEL,,,41,55,,,alpha S1 casein,ABW98936.1,Bos d 9,P02662,Bos taurus,Bos taurus,9913,,,,,,,,,,,,
190387,Linear peptide,APSFSDIPNPIGSEN,,,191,205,,,alpha S1 casein,ABW98936.1,Bos d 9,P02662,Bos taurus,Bos taurus,9913,,,,,,,,,,,,
190402,Linear peptide,DQAMEDIKQMEAESI,,,66,80,,,alpha S1 casein,ABW98936.1,Bos d 9,P02662,Bos taurus,Bos taurus,9913,,,,,,,,,,,,
190407,Linear peptide,ELAYFYPELFRQFYQ,,,156,170,,,alpha S1 casein,ABW98936.1,Bos d 9,P02662,Bos taurus,Bos taurus,9913,,,,,,,,,,,,
190449,Linear peptide,IQKEDVPSERYLGYL,,,96,110,,,alpha S1 casein,ABW98936.1,Bos d 9,P02662,Bos taurus,Bos taurus,9913,,,,,,,,,,,,
190450,Linear peptide,IVPNSAEERLHSMKE,,,126,140,,,alpha S1 casein,ABW98936.1,Bos d 9,P02662,Bos taurus,Bos taurus,9913,,,,,,,,,,,,
190451,Linear peptide,IVPNSVEQKHIQKED,,,86,100,,,alpha S1 casein,ABW98936.1,Bos d 9,P02662,Bos taurus,Bos taurus,9913,,,,,,,,,,,,
190458,Linear peptide,KVNELSKDIGSESTE,,,51,65,,,alpha S1 casein,ABW98936.1,Bos d 9,P02662,Bos taurus,Bos taurus,9913,,,,,,,,,,,,
190461,Linear peptide,LDAYPSGAWYYVPLG,,,171,185,,,alpha S1 casein,ABW98936.1,Bos d 9,P02662,Bos taurus,Bos taurus,9913,,,,,,,,,,,,
190468,Linear peptide,LKKYKVPQLEIVPNS,,,116,130,,,alpha S1 casein,ABW98936.1,Bos d 9,P02662,Bos taurus,Bos taurus,9913,,,,,,,,,,,,
190471,Linear peptide,LNENLLRFFVAPFPE,,,31,45,,,alpha S1 casein,ABW98936.1,Bos d 9,P02662,Bos taurus,Bos taurus,9913,,,,,,,,,,,,
190521,Linear peptide,QKEPMIGVNQELAYF,,,146,160,,,alpha S1 casein,ABW98936.1,Bos d 9,P02662,Bos taurus,Bos taurus,9913,,,,,,,,,,,,
190538,Linear peptide,SESTEDQAMEDIKQM,,,61,75,,,alpha S1 casein,ABW98936.1,Bos d 9,P02662,Bos taurus,Bos taurus,9913,,,,,,,,,,,,
190549,Linear peptide,SSSEEIVPNSVEQKH,,,81,95,,,alpha S1 casein,ABW98936.1,Bos d 9,P02662,Bos taurus,Bos taurus,9913,,,,,,,,,,,,
190595,Linear peptide,YLGYLEQLLRLKKYK,,,106,120,,,alpha S1 casein,ABW98936.1,Bos d 9,P02662,Bos taurus,Bos taurus,9913,,,,,,,,,,,,
190602,Linear peptide,YVPLGTQYTDAPSFS,,,181,195,,,alpha S1 casein,ABW98936.1,Bos d 9,P02662,Bos taurus,Bos taurus,9913,,,,,,,,,,,,
229733,Linear peptide,LSSSEESITRINKKIEKFQS,S20,Phosphorylation|PHOS,31,50,,,Beta-casein precursor,P02666.2,Bos d 11,P02666,Bos taurus,Bos taurus,9913,,,,,,,,,,,,
229847,Linear peptide,VPQLEIVPNSAEERL,S10,Phosphorylation|PHOS,121,135,,,Alpha-S1-casein precursor,P02662.2,Bos d 9,P02662,Bos taurus,Bos taurus,9913,,,,,,,,,,,,
